,ifcType,ElementName,Default Elevation,id,Offset,Level,Work Plane,DA_Archetype,DI_Height,DI_Length,DI_Width,Length Bar,Length Door,Length Hang,Area,Volume,Edited by,Assembly Code,Assembly Description,Code Name,ID_Product Code,ID_Applicable Standards,ID_Sustainability,ID_Notes,ID_Item,ID_Model By,ID_Tag Code,OmniClass Number,OmniClass Title,Type Name,Workset,MA_Frame/Structure,MA_Base,ID_Brand,ID_Product Name,ID_Sub Component Code,Category,Family Name,ID_LOC,ID_WBS02,Family,Family and Type,ID_WBS01,ID_WBS03,ID_WBS04,Schedule Level,Type,Type Id,CVP_Originator,CVP_Tag Code,CVP_Width,CVP_Height,CVP_Length,CVP_LOC,CVP_WBS01,CVP_WBS03,CVP_WBS04,Phase Created,Door Off,Plan Detail,ExtendedElementName,Material_001,Material_002,Global X,Global Y,Global Z,Uniclass2015_Pr: ItemReference,Uniclass2015_Pr: Name,Uniclass2015_EF: ItemReference,Uniclass2015_EF: Name,DI_Seat Height,Caster Position 1,Caster Position 2,Manufacturer,Model,Type Image,URL,Circuit Number,Panel,Uniclass2015_Ss: ItemReference,Uniclass2015_Ss: Name,Description In Height,Description In Length,Description Out Height,Description Out Length,DI_Installation Height,Passpartout Width,MA_Panel,Material_003,Baby Change Table Width,Baby Change Wall Table Length,Opening Angle,Open Close,Installation Height Real,ID_Seat,ID_Use,Moves With Nearby Elements,Host,ID_Classification,Off Circular,SMTO5S,SMTT3BS,SMTT3S,MAT_Mirror,MA_Material Primary,MA_Handle,MA_Material Secondary,Projection Plan,Material_004,Material_005,Depth,DI_Depth,Height,Width,Description,CVP_Depth,Inner Diameter,Frame Thickness,Opening D,Opening W,Mark,Lines Visibility,Opening Visibility,ID_Level,CVP_WBS02,Supply From,Apparent Load Phase A,Apparent Load Phase B,Apparent Load Phase C,Total Connected,Total Demand Factor,Total Estimated Demand,Location,Double Distance,Single Distance,4392,4392/0,Calculate Coefficient of Utilization,Base Height,Bottom Radius,Top Radius,Rectangular Top,Circular Top,Lower Shelf,High Backrest,Low Backrest,Light Source,Additional Vertical Support,Round Top,Base Radius,Horizontal Support Length,Lamp Radius,Border,No Border,Internal Circle,Diameter,Diam Projection,Diameter Bottom,Height Tube,Number Tubes,Radius Projection,Radius Structure,Circular,Rectangular,Projection Depth,Elliptical,Elevation,Top H,Lamp,Wattage Comments,Keynote,Type Comments,Left,Right,DI_Height Skirting,DI_Height Top,DI_Lenght Total,DI_Offset,DI_Offset_2,DI_Thickness,DI_Thickness_2,DI_Thickness_3,Door Depth,Door Height,Door Width,Simbolo pianta,Render Appearance,Render Appearance Properties,Ceiling Height,W,Circle,Square,Generic Round Table,Generic Square Table,Molding Circle,Molding Square,Pearl Circle,Pearl Square,Smooth Circle,Smooth Square,Radius Leg Generic,Radius Top,Top Thickness,Molding,Pearl,Smooth,Cabinet Skirting,Counter Door Height,Counter Drawer Door Height,Counter Worktop Height,Drawer Door Thickness,Drawer Height 2,Drawer Width 2,Drawer Width 3,Glass Thickness,Half Counter Drawer Door Height,Keyboard Drawer Width,Panel Thickness 25,Print Size,Strcuture Plywood,Structure Thickness,ID_Material Class,ID_Area,ID_Zone,CONCIERGE,RECEPTION,Glass,Glass Shelf,Mirror,Showcase Depth,Showcase Height,Showcase Width,Shelf,Legs Distance,Top Height,Leather Backrest,Straw Backrest,Leg Distance,Lenght Central,Width Central,Width Drawer Module,Width Drawers,MA_Top,Metal Machine,Floor Box Plan,Material_006,Material_007,Shelf Height,Metal Structure,Opened Curtain Waves Number,Closed Curtain Waves Number,Length_Opened,Total Length_Closed,Comments,TX_Area,Rail Height,Rail Width,Structure Base Width,Structure Top Width,Legs Base Width,Legs Top Width,Metal Foot,Wooden Rays,Diam Top Cover,Diam Top Cover Offset,Radius Base Cover,Radius Base Cover Offset,Radius Leg Down,Radius Leg Up,Under Top Height,Rectangular Round Angle,Panel Angle,Base Diameter,Visibility 835 X1,Visibility 835 X2,Visibility 835 X3,Visibility 835 X4,Visibility 835 X5,Distance from Ceiling,A_STRUCTURES,D_TOP,E_FABRIC,Skirting Height,Curtain Opening / Closing,Curtain Waves,Lower Part Height,Uniclass 2015_Ss: ItemReference,Uniclass 2015_Ss: Name,Hanging Length,Heigth Door,Bars,Door Closed,DI_Lenght Interior,Door Projection,Detail Left,Oval and Round Top,Angle Legs,Length Seat Base,Length Seat Top,Length Top Down,Length Top Up,Length Void Down,Length Void Up,Total Length,Total Width,Width Reference Line,Width Seat Base,Width Seat Top,Width Top Down,Width Top Up,Width Void Down,Width Void Up,Oval Top,Height from Floor Max,Height from Floor Min,Height Base,Height from Floor,Height from Floor Actual Value,Height Reclined Mattress,Lenght Base,Lenght Leg,Lenght Mattress,Thickness Mattress,Width Base,Width Leg,Flat Mattress,Mattress,Seat Height Max,Seat Height Min,Seat Height Actual Value,DI_Frame Thickness,DI_Frame Width,DI_Area,Height Panel,Panel Width,CVP_Area,ID_Referenced Detail,ID_Sliding Side,ID_System Use,ID_Outline Specification_ML,ID_STC,Pillow,DI_Structure Height,DI_Total Height,DI_Lenght,Side Width,Finish,MA_Fabric,MA_Padding,Internal Length,Ceiling Mounted,Wall Mounted,Drawer Lines,Left Side,Right Side,Not Phone,Phone,Distance Side Left Outlet,Distance Side Right Outlet,Left Front Outlet,Left Side Outlet,Right Front Outlet,Right Side Outlet,Left  Drawer,Right Drawer,Small Desk,Distance From Ref Plane,Rotation XZ,Rotazion Head,Desk / Table Width,Distance Side Outlet,Rotation Along Z,Arm Support,Base,Desk Mounting,Table Mounting,Wall Mounting,Z Installation Offset,Front Outlet,Side Outlet,Distance Drawer,Lenght Drawer,Mirror Radius,Structure Radius,MA_Light Source,TE_FFEarea,Depth Side Outlet,Distance Front Outlet,Oak Legs,Diam Clearance Zone,Armrest Height,First Module,Profile,Thickness,MA_Wood,TV Tipology,Base Thickness,Frame Profile,Shelf Depth,Shelf Width,600,Partition,Chord Length,Corner Radius,Leg Distance from Border,Legs Width,Straight Part Length,Wall Thickness,Uniclass 2015_Pr: ItemReference,Uniclass 2015_Pr: Name,Uniclass 2015_EF: ItemReference,Uniclass 2015_EF: Name,Width Back,Interior Height,Outlet Height,Wall Support Height,Wall Support Lenght,Freestanding,Wall system,Arc Radius,H Flex,Distance Outlet,Close Door,Open Door,Clearance Under Floor,Clearance Height,Height Max,Length Max,Length Min,Structure Rotation,Distance From Floor,Distance From Wall Actual Value,Length Actual Value,Distance From Wall,Opening From Floor,Ceiling Fitting,Wall Fitting,Length Backrest,Radius_Minor,Ceiling Light,Wall Light,Four Legs,Three Legs,Pied Carré Four Legs,Pied Carré Three Legs,Pied Rond Four Legs,Pied Rond Three Legs,Distance Base,Internal Diameter,Carré,Rond,Light Source Symbol Size,Color Filter,Dimming Lamp Color Temperature Shift,Efficacy,Emit from Rectangle Length,Emit from Rectangle Width,Emit Shape Visible in Rendering,Illuminance,Initial Color,Initial Color Temperature,Initial Intensity,Light Loss Factor,Light Source Definition (family),Luminous Flux,Luminous Intensity,Total Light Loss Factor,Wattage,Diameter Base,Diameter Void,Distance Top,Length Clearance Zone,Width Clearance Zone,Clearance Zone,Wood Basement,External Finish Thickness,Frame dimension,Height_Baseboard,Offset From Base,Angle,Left Version,Right Version,Door Left Opened,Door Right Opened,Intermediate Diameter,Legs Height,Outer Diameter,Radius Leg,Addictional Legs,Marble Top,Wooden Top,Console/Connect,Width when Close,Heritage,Base Structure Length,Central Support_Distance from Top,Top Structure Length,Central Element,Base Distance,Grey Fillet Region in Plan,Big Top,Small Top,Frame  Material,MA_Glass,TG06,TG09,TG12,TG18,Distance base,Pied Carré,Pied Rond,Angle 2,Armrest Angle,Armrest Length,Distance,Number of Stripes,45 Degrees,60 Degrees,75 Degrees,Bottom Base Length,Hole Diameter,Top Base Length,Backrest Pillow,Pillow Backrest Type A-B,Type A,Type B,Type C,Wooden rays,Diffuser Radius,Glass Shelfs,Heigh Version,Shelf Heigth,L1000,L600,Ceiling Length,Ceiling Width,Curtains Height,Curtains Width,Floor Strips Thickness,Floor Strips Width,Ceiling Frame Thickness,Ceiling Left Frame Distance,Ceiling Strips Length,Ceiling Strips Number,Ceiling Thickness,Curtain Rail Height,Curtains Rail Width,Floor Strips Number,Pergola Frame Thickness,Curtains Length Opened
0$STSN$sP698C5O4ZN0v0b,IfcFurnishingElement,CW_AW_Frame Type 2-VO06 446x526 mm,1219.2,20366969,125,Level: L-1,<not associated>,FALSE,526,446,40,,,,0.9136715,0.002783348,,,,,,,,,Artwork,CA,CW-AW60,23.40.20.00,General Furniture and Specialties,CW_AW_Frame Type 2-VO06 446x526 mm,01_ARC_FF&E Layout,WD.F.02.08,,,,,Casework,CW_AW_Frame Type 2,,,CW_AW_Frame Type 2: CW_AW_Frame Type 2-VO06 446x526 mm,CW_AW_Frame Type 2: CW_AW_Frame Type 2-VO06 446x526 mm,,,,Level: L-1,CW_AW_Frame Type 2: CW_AW_Frame Type 2-VO06 446x526 mm,CW_AW_Frame Type 2: CW_AW_Frame Type 2-VO06 446x526 mm,CVP,CW-AW60,40,526,446,,,,,New Construction,,,"['CW_AW_Frame Type 2', 'CW_AW_Frame Type 2-VO06 446x526 mm', '7290209']",<Unnamed>,GL.F.01.08,118077.7311,27576.85725,-248,,,,,,,,,446 x 40 x 526 mm,,,,,Ss_40,,20,200,26,206,1600,100,GL.F.01.08,WD.F.02.08,,,,,,,,,,,,,,,,,,,,,,,,,,,,,,,,,,,,,,,,,,,,,,,,,,,,,,,,,,,,,,,,,,,,,,,,,,,,,,,,,,,,,,,,,,,,,,,,,,,,,,,,,,,,,,,,,,,,,,,,,,,,,,,,,,,,,,,,,,,,,,,,,,,,,,,,,,,,,,,,,,,,,,,,,,,,,,,,,,,,,,,,,,,,,,,,,,,,,,,,,,,,,,,,,,,,,,,,,,,,,,,,,,,,,,,,,,,,,,,,,,,,,,,,,,,,,,,,,,,,,,,,,,,,,,,,,,,,,,,,,,,,,,,,,,,,,,,,,,,,,,,,,,,,,,,,,,,,,,,,,,,,,,,,,,,,,,,,,,,,,,,,,,,,,,,,,,,,,,,,,,,,,,,,,,,,,,,,,,,,,,,,,,,,,,,,,,,,,,,,,,,,,,,,,,,,,,,,,,,,,,,,,,,,,,,,,,,,,,,,,,,,,,,,,,,,,,,,,,,,,
0$STSN$sP698C5O4ZN0v0c,IfcFurnishingElement,CW_AW_Frame Type 2-VO05 446x526 mm,1219.2,20367520,125,,<not associated>,FALSE,526,446,40,,,,0.9136715,0.002783348,,,,,,,,,Artwork,CA,CW-AW59,23.40.20.00,General Furniture and Specialties,CW_AW_Frame Type 2-VO05 446x526 mm,01_ARC_FF&E Layout,WD.F.02.08,,,,,Casework,CW_AW_Frame Type 2,,,CW_AW_Frame Type 2: CW_AW_Frame Type 2-VO05 446x526 mm,CW_AW_Frame Type 2: CW_AW_Frame Type 2-VO05 446x526 mm,,,,,CW_AW_Frame Type 2: CW_AW_Frame Type 2-VO05 446x526 mm,CW_AW_Frame Type 2: CW_AW_Frame Type 2-VO05 446x526 mm,CVP,CW-AW59,40,526,446,,,,,New Construction,,,"['CW_AW_Frame Type 2', 'CW_AW_Frame Type 2-VO05 446x526 mm', '7290210']",<Unnamed>,GL.F.01.08,118061.2014,28122.9162,-248,,,,,,,,,446 x 40 x 526 mm,,,,,Ss_40,,20,200,26,206,1600,100,GL.F.01.08,WD.F.02.08,,,,,,,,,,,,,,,,,,,,,,,,,,,,,,,,,,,,,,,,,,,,,,,,,,,,,,,,,,,,,,,,,,,,,,,,,,,,,,,,,,,,,,,,,,,,,,,,,,,,,,,,,,,,,,,,,,,,,,,,,,,,,,,,,,,,,,,,,,,,,,,,,,,,,,,,,,,,,,,,,,,,,,,,,,,,,,,,,,,,,,,,,,,,,,,,,,,,,,,,,,,,,,,,,,,,,,,,,,,,,,,,,,,,,,,,,,,,,,,,,,,,,,,,,,,,,,,,,,,,,,,,,,,,,,,,,,,,,,,,,,,,,,,,,,,,,,,,,,,,,,,,,,,,,,,,,,,,,,,,,,,,,,,,,,,,,,,,,,,,,,,,,,,,,,,,,,,,,,,,,,,,,,,,,,,,,,,,,,,,,,,,,,,,,,,,,,,,,,,,,,,,,,,,,,,,,,,,,,,,,,,,,,,,,,,,,,,,,,,,,,,,,,,,,,,,,,,,,,,,,
0$STSN$sP698C5O4ZN0v0d,IfcFurnishingElement,CW_AW_Frame Type 2-VO08 446x526 mm,1219.2,20368071,125,,<not associated>,FALSE,526,446,40,,,,0.9136715,0.002783348,,,,,,,,,Artwork,CA,CW-AW61,23.40.20.00,General Furniture and Specialties,CW_AW_Frame Type 2-VO08 446x526 mm,01_ARC_FF&E Layout,WD.F.02.08,,,,,Casework,CW_AW_Frame Type 2,,,CW_AW_Frame Type 2: CW_AW_Frame Type 2-VO08 446x526 mm,CW_AW_Frame Type 2: CW_AW_Frame Type 2-VO08 446x526 mm,,,,,CW_AW_Frame Type 2: CW_AW_Frame Type 2-VO08 446x526 mm,CW_AW_Frame Type 2: CW_AW_Frame Type 2-VO08 446x526 mm,CVP,CW-AW61,40,526,446,,,,,New Construction,,,"['CW_AW_Frame Type 2', 'CW_AW_Frame Type 2-VO08 446x526 mm', '7290211']",<Unnamed>,GL.F.01.08,118146.2652,26586.35652,-248,,,,,,,,,446 x 40 x 526 mm,,,,,Ss_40,,20,200,26,206,1600,100,GL.F.01.08,WD.F.02.08,,,,,,,,,,,,,,,,,,,,,,,,,,,,,,,,,,,,,,,,,,,,,,,,,,,,,,,,,,,,,,,,,,,,,,,,,,,,,,,,,,,,,,,,,,,,,,,,,,,,,,,,,,,,,,,,,,,,,,,,,,,,,,,,,,,,,,,,,,,,,,,,,,,,,,,,,,,,,,,,,,,,,,,,,,,,,,,,,,,,,,,,,,,,,,,,,,,,,,,,,,,,,,,,,,,,,,,,,,,,,,,,,,,,,,,,,,,,,,,,,,,,,,,,,,,,,,,,,,,,,,,,,,,,,,,,,,,,,,,,,,,,,,,,,,,,,,,,,,,,,,,,,,,,,,,,,,,,,,,,,,,,,,,,,,,,,,,,,,,,,,,,,,,,,,,,,,,,,,,,,,,,,,,,,,,,,,,,,,,,,,,,,,,,,,,,,,,,,,,,,,,,,,,,,,,,,,,,,,,,,,,,,,,,,,,,,,,,,,,,,,,,,,,,,,,,,,,,,,,,,
0$STSN$sP698C5O4ZN0v3C,IfcFurnishingElement,CW_AW_Frame Type 2-VO11 446x526 mm,1219.2,20368622,-426,Level: L-1,<not associated>,FALSE,526,446,40,,,,0.9136715,0.002783348,,,,,,,,,Artwork,CA,CW-AW63,23.40.20.00,General Furniture and Specialties,CW_AW_Frame Type 2-VO11 446x526 mm,01_ARC_FF&E Layout,WD.F.02.08,,,,,Casework,CW_AW_Frame Type 2,,,CW_AW_Frame Type 2: CW_AW_Frame Type 2-VO11 446x526 mm,CW_AW_Frame Type 2: CW_AW_Frame Type 2-VO11 446x526 mm,,,,Level: L-1,CW_AW_Frame Type 2: CW_AW_Frame Type 2-VO11 446x526 mm,CW_AW_Frame Type 2: CW_AW_Frame Type 2-VO11 446x526 mm,CVP,CW-AW63,40,526,446,,,,,New Construction,,,"['CW_AW_Frame Type 2', 'CW_AW_Frame Type 2-VO11 446x526 mm', '7290248']",<Unnamed>,GL.F.01.08,118077.7311,27576.85725,-1499,,,,,,,,,446 x 40 x 526 mm,,,,,Ss_40,,20,200,26,206,1600,100,GL.F.01.08,WD.F.02.08,,,,,,,,,,,,,,,,,,,,,,,,,,,,,,,,,,,,,,,,,,,,,,,,,,,,,,,,,,,,,,,,,,,,,,,,,,,,,,,,,,,,,,,,,,,,,,,,,,,,,,,,,,,,,,,,,,,,,,,,,,,,,,,,,,,,,,,,,,,,,,,,,,,,,,,,,,,,,,,,,,,,,,,,,,,,,,,,,,,,,,,,,,,,,,,,,,,,,,,,,,,,,,,,,,,,,,,,,,,,,,,,,,,,,,,,,,,,,,,,,,,,,,,,,,,,,,,,,,,,,,,,,,,,,,,,,,,,,,,,,,,,,,,,,,,,,,,,,,,,,,,,,,,,,,,,,,,,,,,,,,,,,,,,,,,,,,,,,,,,,,,,,,,,,,,,,,,,,,,,,,,,,,,,,,,,,,,,,,,,,,,,,,,,,,,,,,,,,,,,,,,,,,,,,,,,,,,,,,,,,,,,,,,,,,,,,,,,,,,,,,,,,,,,,,,,,,,,,,,,,
0$STSN$sP698C5O4ZN0v3D,IfcFurnishingElement,CW_AW_Frame Type 2-VO12 446x526 mm,1219.2,20369173,-426,,<not associated>,FALSE,526,446,40,,,,0.9136715,0.002783348,,,,,,,,,Artwork,CA,CW-AW64,23.40.20.00,General Furniture and Specialties,CW_AW_Frame Type 2-VO12 446x526 mm,01_ARC_FF&E Layout,WD.F.02.08,,,,,Casework,CW_AW_Frame Type 2,,,CW_AW_Frame Type 2: CW_AW_Frame Type 2-VO12 446x526 mm,CW_AW_Frame Type 2: CW_AW_Frame Type 2-VO12 446x526 mm,,,,,CW_AW_Frame Type 2: CW_AW_Frame Type 2-VO12 446x526 mm,CW_AW_Frame Type 2: CW_AW_Frame Type 2-VO12 446x526 mm,CVP,CW-AW64,40,526,446,,,,,New Construction,,,"['CW_AW_Frame Type 2', 'CW_AW_Frame Type 2-VO12 446x526 mm', '7290249']",<Unnamed>,GL.F.01.08,118061.2014,28122.9162,-1499,,,,,,,,,446 x 40 x 526 mm,,,,,Ss_40,,20,200,26,206,1600,100,GL.F.01.08,WD.F.02.08,,,,,,,,,,,,,,,,,,,,,,,,,,,,,,,,,,,,,,,,,,,,,,,,,,,,,,,,,,,,,,,,,,,,,,,,,,,,,,,,,,,,,,,,,,,,,,,,,,,,,,,,,,,,,,,,,,,,,,,,,,,,,,,,,,,,,,,,,,,,,,,,,,,,,,,,,,,,,,,,,,,,,,,,,,,,,,,,,,,,,,,,,,,,,,,,,,,,,,,,,,,,,,,,,,,,,,,,,,,,,,,,,,,,,,,,,,,,,,,,,,,,,,,,,,,,,,,,,,,,,,,,,,,,,,,,,,,,,,,,,,,,,,,,,,,,,,,,,,,,,,,,,,,,,,,,,,,,,,,,,,,,,,,,,,,,,,,,,,,,,,,,,,,,,,,,,,,,,,,,,,,,,,,,,,,,,,,,,,,,,,,,,,,,,,,,,,,,,,,,,,,,,,,,,,,,,,,,,,,,,,,,,,,,,,,,,,,,,,,,,,,,,,,,,,,,,,,,,,,,,
0$STSN$sP698C5O4ZN0v3E,IfcFurnishingElement,CW_AW_Frame Type 2-VO09 446x526 mm,1219.2,20369724,-426,,<not associated>,FALSE,526,446,40,,,,0.9136715,0.002783348,,,,,,,,,Artwork,CA,CW-AW62,23.40.20.00,General Furniture and Specialties,CW_AW_Frame Type 2-VO09 446x526 mm,01_ARC_FF&E Layout,WD.F.02.08,,,,,Casework,CW_AW_Frame Type 2,,,CW_AW_Frame Type 2: CW_AW_Frame Type 2-VO09 446x526 mm,CW_AW_Frame Type 2: CW_AW_Frame Type 2-VO09 446x526 mm,,,,,CW_AW_Frame Type 2: CW_AW_Frame Type 2-VO09 446x526 mm,CW_AW_Frame Type 2: CW_AW_Frame Type 2-VO09 446x526 mm,CVP,CW-AW62,40,526,446,,,,,New Construction,,,"['CW_AW_Frame Type 2', 'CW_AW_Frame Type 2-VO09 446x526 mm', '7290250']",<Unnamed>,GL.F.01.08,118146.2652,26586.35652,-1499,,,,,,,,,446 x 40 x 526 mm,,,,,Ss_40,,20,200,26,206,1600,100,GL.F.01.08,WD.F.02.08,,,,,,,,,,,,,,,,,,,,,,,,,,,,,,,,,,,,,,,,,,,,,,,,,,,,,,,,,,,,,,,,,,,,,,,,,,,,,,,,,,,,,,,,,,,,,,,,,,,,,,,,,,,,,,,,,,,,,,,,,,,,,,,,,,,,,,,,,,,,,,,,,,,,,,,,,,,,,,,,,,,,,,,,,,,,,,,,,,,,,,,,,,,,,,,,,,,,,,,,,,,,,,,,,,,,,,,,,,,,,,,,,,,,,,,,,,,,,,,,,,,,,,,,,,,,,,,,,,,,,,,,,,,,,,,,,,,,,,,,,,,,,,,,,,,,,,,,,,,,,,,,,,,,,,,,,,,,,,,,,,,,,,,,,,,,,,,,,,,,,,,,,,,,,,,,,,,,,,,,,,,,,,,,,,,,,,,,,,,,,,,,,,,,,,,,,,,,,,,,,,,,,,,,,,,,,,,,,,,,,,,,,,,,,,,,,,,,,,,,,,,,,,,,,,,,,,,,,,,,,
0$STSN$sP698C5O4ZN0vR0,IfcFurnishingElement,CW_AW_Frame Type 2-VO01 446x526 mm,1219.2,20365316,-200,Level: L-1_SPA,Level : L-1_SPA,FALSE,526,446,40,,,,0.9136715,0.002783348,,,,,,,,,Artwork,CA,CW-AW56,23.40.20.00,General Furniture and Specialties,CW_AW_Frame Type 2-VO01 446x526 mm,01_ARC_FF&E Layout,WD.F.02.08,,,,,Casework,CW_AW_Frame Type 2,,,CW_AW_Frame Type 2: CW_AW_Frame Type 2-VO01 446x526 mm,CW_AW_Frame Type 2: CW_AW_Frame Type 2-VO01 446x526 mm,,,,Level: L-1_SPA,CW_AW_Frame Type 2: CW_AW_Frame Type 2-VO01 446x526 mm,CW_AW_Frame Type 2: CW_AW_Frame Type 2-VO01 446x526 mm,CVP,CW-AW56,40,526,446,,,,,New Construction,,,"['CW_AW_Frame Type 2', 'CW_AW_Frame Type 2-VO01 446x526 mm', '7289732']",<Unnamed>,GL.F.01.08,118077.7311,27576.85725,-873,,,,,,,,,446 x 40 x 526 mm,,,,,Ss_40,,20,200,26,206,1600,100,GL.F.01.08,WD.F.02.08,,,,,,,,,,,,,,,,,,,,,,,,,,,,,,,,,,,,,,,,,,,,,,,,,,,,,,,,,,,,,,,,,,,,,,,,,,,,,,,,,,,,,,,,,,,,,,,,,,,,,,,,,,,,,,,,,,,,,,,,,,,,,,,,,,,,,,,,,,,,,,,,,,,,,,,,,,,,,,,,,,,,,,,,,,,,,,,,,,,,,,,,,,,,,,,,,,,,,,,,,,,,,,,,,,,,,,,,,,,,,,,,,,,,,,,,,,,,,,,,,,,,,,,,,,,,,,,,,,,,,,,,,,,,,,,,,,,,,,,,,,,,,,,,,,,,,,,,,,,,,,,,,,,,,,,,,,,,,,,,,,,,,,,,,,,,,,,,,,,,,,,,,,,,,,,,,,,,,,,,,,,,,,,,,,,,,,,,,,,,,,,,,,,,,,,,,,,,,,,,,,,,,,,,,,,,,,,,,,,,,,,,,,,,,,,,,,,,,,,,,,,,,,,,,,,,,,,,,,,,,
0$STSN$sP698C5O4ZN0vRf,IfcFurnishingElement,CW_AW_Frame Type 2-VO03 446x526 mm,1219.2,20366418,-200,Level: L-1_SPA,Level : L-1_SPA,FALSE,526,446,40,,,,0.9136715,0.002783348,,,,,,,,,Artwork,CA,CW-AW58,23.40.20.00,General Furniture and Specialties,CW_AW_Frame Type 2-VO03 446x526 mm,01_ARC_FF&E Layout,WD.F.02.08,,,,,Casework,CW_AW_Frame Type 2,,,CW_AW_Frame Type 2: CW_AW_Frame Type 2-VO03 446x526 mm,CW_AW_Frame Type 2: CW_AW_Frame Type 2-VO03 446x526 mm,,,,Level: L-1_SPA,CW_AW_Frame Type 2: CW_AW_Frame Type 2-VO03 446x526 mm,CW_AW_Frame Type 2: CW_AW_Frame Type 2-VO03 446x526 mm,CVP,CW-AW58,40,526,446,,,,,New Construction,,,"['CW_AW_Frame Type 2', 'CW_AW_Frame Type 2-VO03 446x526 mm', '7289773']",<Unnamed>,GL.F.01.08,118146.2652,26586.35652,-873,,,,,,,,,446 x 40 x 526 mm,,,,,Ss_40,,20,200,26,206,1600,100,GL.F.01.08,WD.F.02.08,,,,,,,,,,,,,,,,,,,,,,,,,,,,,,,,,,,,,,,,,,,,,,,,,,,,,,,,,,,,,,,,,,,,,,,,,,,,,,,,,,,,,,,,,,,,,,,,,,,,,,,,,,,,,,,,,,,,,,,,,,,,,,,,,,,,,,,,,,,,,,,,,,,,,,,,,,,,,,,,,,,,,,,,,,,,,,,,,,,,,,,,,,,,,,,,,,,,,,,,,,,,,,,,,,,,,,,,,,,,,,,,,,,,,,,,,,,,,,,,,,,,,,,,,,,,,,,,,,,,,,,,,,,,,,,,,,,,,,,,,,,,,,,,,,,,,,,,,,,,,,,,,,,,,,,,,,,,,,,,,,,,,,,,,,,,,,,,,,,,,,,,,,,,,,,,,,,,,,,,,,,,,,,,,,,,,,,,,,,,,,,,,,,,,,,,,,,,,,,,,,,,,,,,,,,,,,,,,,,,,,,,,,,,,,,,,,,,,,,,,,,,,,,,,,,,,,,,,,,,,
0$STSN$sP698C5O4ZN0vRW,IfcFurnishingElement,CW_AW_Frame Type 2-VO02 446x526 mm,1219.2,20365867,-200,Level: L-1_SPA,Level : L-1_SPA,FALSE,526,446,40,,,,0.9136715,0.002783348,,,,,,,,,Artwork,CA,CW-AW57,23.40.20.00,General Furniture and Specialties,CW_AW_Frame Type 2-VO02 446x526 mm,01_ARC_FF&E Layout,WD.F.02.08,,,,,Casework,CW_AW_Frame Type 2,,,CW_AW_Frame Type 2: CW_AW_Frame Type 2-VO02 446x526 mm,CW_AW_Frame Type 2: CW_AW_Frame Type 2-VO02 446x526 mm,,,,Level: L-1_SPA,CW_AW_Frame Type 2: CW_AW_Frame Type 2-VO02 446x526 mm,CW_AW_Frame Type 2: CW_AW_Frame Type 2-VO02 446x526 mm,CVP,CW-AW57,40,526,446,,,,,New Construction,,,"['CW_AW_Frame Type 2', 'CW_AW_Frame Type 2-VO02 446x526 mm', '7289764']",<Unnamed>,GL.F.01.08,118061.2014,28122.9162,-873,,,,,,,,,446 x 40 x 526 mm,,,,,Ss_40,,20,200,26,206,1600,100,GL.F.01.08,WD.F.02.08,,,,,,,,,,,,,,,,,,,,,,,,,,,,,,,,,,,,,,,,,,,,,,,,,,,,,,,,,,,,,,,,,,,,,,,,,,,,,,,,,,,,,,,,,,,,,,,,,,,,,,,,,,,,,,,,,,,,,,,,,,,,,,,,,,,,,,,,,,,,,,,,,,,,,,,,,,,,,,,,,,,,,,,,,,,,,,,,,,,,,,,,,,,,,,,,,,,,,,,,,,,,,,,,,,,,,,,,,,,,,,,,,,,,,,,,,,,,,,,,,,,,,,,,,,,,,,,,,,,,,,,,,,,,,,,,,,,,,,,,,,,,,,,,,,,,,,,,,,,,,,,,,,,,,,,,,,,,,,,,,,,,,,,,,,,,,,,,,,,,,,,,,,,,,,,,,,,,,,,,,,,,,,,,,,,,,,,,,,,,,,,,,,,,,,,,,,,,,,,,,,,,,,,,,,,,,,,,,,,,,,,,,,,,,,,,,,,,,,,,,,,,,,,,,,,,,,,,,,,,,
0$vf63xRX0uRKJs1zNO32G,IfcFurnishingElement,LF_PL_Barovier e Toso_Spinn_Circular Custom Composition,,6067242,0,Level: L00,,,,,,,,,8.404400662,0.049327573,,,,,,,,Custom,Pendant Light,,CW-PL01,,,LF_PL_Barovier e Toso_Spinn_Circular Custom Composition,01_ARC_FF&E Layout,,,,Spinn,,Casework,LF_PL_Barovier e Toso_Spinn_Circular Custom Composition,-1,,LF_PL_Barovier e Toso_Spinn_Circular Custom Composition: LF_PL_Barovier e Toso_Spinn_Circular Custom Composition,LF_PL_Barovier e Toso_Spinn_Circular Custom Composition: LF_PL_Barovier e Toso_Spinn_Circular Custom Composition,B,P00,H04,,LF_PL_Barovier e Toso_Spinn_Circular Custom Composition: LF_PL_Barovier e Toso_Spinn_Circular Custom Composition,LF_PL_Barovier e Toso_Spinn_Circular Custom Composition: LF_PL_Barovier e Toso_Spinn_Circular Custom Composition,CVP,CW-PL01,,,,-1,B,P00,H04,New Construction,,,"['LF_PL_Barovier e Toso_Spinn_Circular Custom Composition', 'LF_PL_Barovier e Toso_Spinn_Circular Custom Composition', '2322268']",<Unnamed>,,29302.15508,2718.351487,4043.404728,,,,,,,,Barovier e Toso,Custom Composition,,https://www.barovier.com/en/collections/ceiling-lamp/spinn,,,,,,,,,,,,,,,,,,,,FALSE,Level : L00,,,,,,,,,,,,,,,,,,,,,,,136,,,,,,,,,,,,,,,,,,,,,,,,,,,,,,,,,,,,,,,,,,,,,,,,,,,,,,,,,,,,,,,,,,,,4940,2983.6,,,,,,,,,,,,,,,,,,,,,,,,,,,,,,,,,,,,,,,,,,,,,,,,,,,,,,,,,,,,,,,,,,,,,,,,,,,,,,,,,,,,,,,,,,,,,,,,,,,,,,,,,,,,,,,,,,,,,,,,,,,,,,,,,,,,,,,,,,,,,,,,,,,,,,,,,,,,,,,,,,,,,,,,,,,,,,,,,,,,,,,,,,,,,,,,,,,,,,,,,,,,,,,,,,,,,,,,,,,,,,,,,,,,,,,,,,,,,,,,,,,,,,,,,,,,,,,,,,,,,,,,,,,,,,,,,,,,,,,,,,,,,,,,,,,,,,,,,,,,,,,,,,,,,,,,,,,,,,,,,,,,,,,,,,,,,,,,,,,,,,,,,,,,,,,,,,,,,,,,
0_EDqeVxP5bOwqrtrEIK3g,IfcFurnishingElement,FN_MI_Flos_La Plus Belle-779 x 56 x 2055 mm,1219.2,13788737,0,Level: L01,Level : L01,TRUE,2055,779,56,,,,1.61767386,0.082724082,,,,,"Polished Aluminium ""F3680064""; Gold ""F3680044""; Copper ""F3680015""; Bronze ""F3680046""",,,,Mirror,VD,FN-MI02,23.45.00.00,"Sanitary, Laundry, and Cleaning Equipment",FN_MI_Flos_La Plus Belle-779 x 56 x 2055 mm,01_ARC_FF&E Layout,,,,La Plus Belle,,Furniture,FN_MI_Flos_La Plus Belle,-1,,FN_MI_Flos_La Plus Belle: FN_MI_Flos_La Plus Belle-779 x 56 x 2055 mm,FN_MI_Flos_La Plus Belle: FN_MI_Flos_La Plus Belle-779 x 56 x 2055 mm,B,P01,H05,Level: L01,FN_MI_Flos_La Plus Belle: FN_MI_Flos_La Plus Belle-779 x 56 x 2055 mm,FN_MI_Flos_La Plus Belle: FN_MI_Flos_La Plus Belle-779 x 56 x 2055 mm,CVP,FN-MI02,56,2055,779,-1,B,P01,H05,New Construction,,,"['FN_MI_Flos_La Plus Belle', 'FN_MI_Flos_La Plus Belle-779 x 56 x 2055 mm', '3268170']",<Unnamed>,,5549.164963,5278.627723,10658.8256,,,,,,,,Flos,779 x 56 x 2055 mm,Raster image: FN_MI_Flos_La Plus Belle.jpg,https://flos.com/it/prodotti/plafoniere/la-plus-belle/la-plus-belle/,,,,,,,,,150,,,,,,,,,,,,,,,,,,,,,,,,,,,,,,,,,,,,,,,,,,,,,,,,,,,,,,,,,,,,,,,,,,,,,,,,,,,,,,,,,,,,,,,,,,,,,,,,,,,,,,,,,,,,,,,,,,,,,,,,,,,,,,,,,,,,,,,,,,,,,,,,,,,,,,,,,,,,,,,,,,,,,,,,,,,,,,,,,,,,,,,,,,,,,,,,,,,,,,,,,,,,,,,,,,,,,,,,,,,,,,,,,,,,,,,,,,,,,,,,,,,,,,,,,,,,,,,,,,,,,,,,,,,,,,,,,,,,,,,,,,,,,,,,,,,,,,,,,,,,,,,,,,,,,,,,,,,,,,,,,,,,,,,,,,,,,,,,,,,,,,,,,,,,,,,,,,,,,,,,,,,,,,,,,,,,,,,,,,,,,,,,,,,,,,,,,,,,,,,,,,,,,,,,,,,,,,,,,,,,,,,,,,,,,,,,,,,,,,,,,,,,,,,,,,,,,,,,,,,,,,,,
0_EDqeVxP5bOwqrtrEIK3i,IfcBuildingElementProxy,EE_PL_PP-06-Power Point,,13788836,1740,,,,,,120,,,,1.592112904,0.290565559,,,,,,,,,PP_0,,PP_06,,,EE_PL_PP-06-Power Point,01_ARC_FF&E Layout,,,,,,Electrical Equipment,EE_PL_PP-06,-1,IME,EE_PL_PP-06: EE_PL_PP-06-Power Point,EE_PL_PP-06: EE_PL_PP-06-Power Point,A,P01,H05,,EE_PL_PP-06: EE_PL_PP-06-Power Point,EE_PL_PP-06: EE_PL_PP-06-Power Point,CVP,PP_06,120,,,-1,A,P01,H05,New Construction,,,"['EE_PL_PP-06', 'EE_PL_PP-06-Power Point', '3268172']",Clearance Zone EE,<Unnamed>,5482.742542,5668.088343,12240,,,,,,,,,,,,,,Ss_70,,,,,,450,,,,,,,,,,,FALSE,Level : L01,,,,,,,,,,,,,,,,,,,,,,,360,,,L01,IME,,0,0,0,0,100,0,,,,,,,,,,,,,,,,,,,,,,,,,,,,,,,,,,,,,,,,,,,,,,,,,,,,,,,,,,,,,,,,,,,,,,,,,,,,,,,,,,,,,,,,,,,,,,,,,,,,,,,,,,,,,,,,,,,,,,,,,,,,,,,,,,,,,,,,,,,,,,,,,,,,,,,,,,,,,,,,,,,,,,,,,,,,,,,,,,,,,,,,,,,,,,,,,,,,,,,,,,,,,,,,,,,,,,,,,,,,,,,,,,,,,,,,,,,,,,,,,,,,,,,,,,,,,,,,,,,,,,,,,,,,,,,,,,,,,,,,,,,,,,,,,,,,,1200,400,,,,,,,,,,,,,,,,,,,,,,,,,,,,,,,,,,,,,,,,,,,,,,,,,,,,,,,,,,,,,,,,,,,,,,,,,,,,,,,,,,,,,,,,,,,,,,,,,,,,,,,,,,,,,,,,,,,,,,,,,,,,
0_EDqeVxP5bOwqrtrEIK5e,IfcFurnishingElement,FN_MI_Flos_La Plus Belle-779 x 56 x 2055 mm,1219.2,13788900,0,Level: LAM,Level : LAM,TRUE,2055,779,56,,,,1.61767386,0.082724082,,,,,"Polished Aluminium ""F3680064""; Gold ""F3680044""; Copper ""F3680015""; Bronze ""F3680046""",,,,Mirror,VD,FN-MI02,23.45.00.00,"Sanitary, Laundry, and Cleaning Equipment",FN_MI_Flos_La Plus Belle-779 x 56 x 2055 mm,01_ARC_FF&E Layout,,,,La Plus Belle,,Furniture,FN_MI_Flos_La Plus Belle,-1,,FN_MI_Flos_La Plus Belle: FN_MI_Flos_La Plus Belle-779 x 56 x 2055 mm,FN_MI_Flos_La Plus Belle: FN_MI_Flos_La Plus Belle-779 x 56 x 2055 mm,B,PAM,H05,Level: LAM,FN_MI_Flos_La Plus Belle: FN_MI_Flos_La Plus Belle-779 x 56 x 2055 mm,FN_MI_Flos_La Plus Belle: FN_MI_Flos_La Plus Belle-779 x 56 x 2055 mm,CVP,FN-MI02,56,2055,779,-1,B,PAM,H05,New Construction,,,"['FN_MI_Flos_La Plus Belle', 'FN_MI_Flos_La Plus Belle-779 x 56 x 2055 mm', '3268552']",<Unnamed>,,1979.181354,7587.416392,6688.825602,,,,,,,,Flos,779 x 56 x 2055 mm,Raster image: FN_MI_Flos_La Plus Belle.jpg,https://flos.com/it/prodotti/plafoniere/la-plus-belle/la-plus-belle/,,,,,,,,,150,,,,,,,,,,,,,,,,,,,,,,,,,,,,,,,,,,,,,,,,,,,,,,,,,,,,,,,,,,,,,,,,,,,,,,,,,,,,,,,,,,,,,,,,,,,,,,,,,,,,,,,,,,,,,,,,,,,,,,,,,,,,,,,,,,,,,,,,,,,,,,,,,,,,,,,,,,,,,,,,,,,,,,,,,,,,,,,,,,,,,,,,,,,,,,,,,,,,,,,,,,,,,,,,,,,,,,,,,,,,,,,,,,,,,,,,,,,,,,,,,,,,,,,,,,,,,,,,,,,,,,,,,,,,,,,,,,,,,,,,,,,,,,,,,,,,,,,,,,,,,,,,,,,,,,,,,,,,,,,,,,,,,,,,,,,,,,,,,,,,,,,,,,,,,,,,,,,,,,,,,,,,,,,,,,,,,,,,,,,,,,,,,,,,,,,,,,,,,,,,,,,,,,,,,,,,,,,,,,,,,,,,,,,,,,,,,,,,,,,,,,,,,,,,,,,,,,,,,,,,,,,,
0_EDqeVxP5bOwqrtrEIK5f,IfcBuildingElementProxy,EE_PL_PP-06-Power Point,,13788999,1740,,,,,,120,,,,1.592112904,0.290565559,,,,,,,,,PP_0,,PP_06,,,EE_PL_PP-06-Power Point,01_ARC_FF&E Layout,,,,,,Electrical Equipment,EE_PL_PP-06,-1,IME,EE_PL_PP-06: EE_PL_PP-06-Power Point,EE_PL_PP-06: EE_PL_PP-06-Power Point,A,PAM,H05,,EE_PL_PP-06: EE_PL_PP-06-Power Point,EE_PL_PP-06: EE_PL_PP-06-Power Point,CVP,PP_06,120,,,-1,A,PAM,H05,New Construction,,,"['EE_PL_PP-06', 'EE_PL_PP-06-Power Point', '3268553']",Clearance Zone EE,<Unnamed>,2045.181059,7197.883915,8270,,,,,,,,,,,,,,Ss_70,,,,,,450,,,,,,,,,,,FALSE,Level : LAM,,,,,,,,,,,,,,,,,,,,,,,361,,,LAM,IME,,0,0,0,0,100,0,,,,,,,,,,,,,,,,,,,,,,,,,,,,,,,,,,,,,,,,,,,,,,,,,,,,,,,,,,,,,,,,,,,,,,,,,,,,,,,,,,,,,,,,,,,,,,,,,,,,,,,,,,,,,,,,,,,,,,,,,,,,,,,,,,,,,,,,,,,,,,,,,,,,,,,,,,,,,,,,,,,,,,,,,,,,,,,,,,,,,,,,,,,,,,,,,,,,,,,,,,,,,,,,,,,,,,,,,,,,,,,,,,,,,,,,,,,,,,,,,,,,,,,,,,,,,,,,,,,,,,,,,,,,,,,,,,,,,,,,,,,,,,,,,,,,,1200,400,,,,,,,,,,,,,,,,,,,,,,,,,,,,,,,,,,,,,,,,,,,,,,,,,,,,,,,,,,,,,,,,,,,,,,,,,,,,,,,,,,,,,,,,,,,,,,,,,,,,,,,,,,,,,,,,,,,,,,,,,,,,
01anLNw8DEwhaVZYEVeEqN,IfcBuildingElementProxy,EE_PL_PP-07-Schuko Socket 2x,,17440935,0,Level: L05,,,,,143,,,,2.289837469,0.476354697,,,,,,,,,PP_0,,EE-PL09,,,EE_PL_PP-07-Schuko Socket 2x,01_ARC_FF&E Layout,,,,,,Electrical Equipment,EE_PL_PP-07,-1,IME,EE_PL_PP-07: EE_PL_PP-07-Schuko Socket 2x,EE_PL_PP-07: EE_PL_PP-07-Schuko Socket 2x,A,P05,H05,,EE_PL_PP-07: EE_PL_PP-07-Schuko Socket 2x,EE_PL_PP-07: EE_PL_PP-07-Schuko Socket 2x,CVP,EE-PL09,143,,,-1,A,P05,H05,New Construction,,,"['EE_PL_PP-07', 'EE_PL_PP-07-Schuko Socket 2x', '5399274']",Clearance Zone EE,<Unnamed>,53333.8106,4495.832893,25890,,,,,,,,,,,,,,Ss_70,,,,,,1030,,,,,,,,,,,FALSE,Level : L05,,,,,,,,,,,,,,,,,,,,,,,2579,,,L05,IME,,0,0,0,0,100,0,,,,,,,,,,,,,,,,,,,,,,,,,,,,,,,,,,,,,,,,,,,,,,,,,,,,,,,,,,,,,,,,,,,,,,,,,,,,,,,,,,,,,,,,,,,,,,,,,,,,,,,,,,,,,,,,,,,,,,,,,,,,,,,,,,,,,,,,,,,,,,,,,,,,,,,,,,,,,,,,,,,,,,,,,,,,,,,,,,,,,,,,,,,,,,,,,,,,,,,,,,,,,,,,,,,,,,,,,,,,,,,,,,,,,,,,,,,,,,,,,,,,,,,,,,,,,,,,,,,,,,,,,,,,,,,,,,,,,,,,,,,,,,,,,,,,,,,,,,,,,,,,,,,,,,,,,,,,,,,,,,,,,,,,,,,,,,,,,,,,,,,,,,,,,,,,,,,,,,,,,,,,,,,,,,,,,,,,,,,,,,,,,,,,,,,,,,,,,,,,,,,,,,,,,,,,,,,,,,
01anLNw8DEwhaVZYEVeEqS,IfcBuildingElementProxy,EE_PL_PP-07-Schuko Socket 2x,,17440839,0,Level: L05,,,,,143,,,,2.289837469,0.476354697,,,,,,,,,PP_0,,EE-PL09,,,EE_PL_PP-07-Schuko Socket 2x,01_ARC_FF&E Layout,,,,,,Electrical Equipment,EE_PL_PP-07,-1,IME,EE_PL_PP-07: EE_PL_PP-07-Schuko Socket 2x,EE_PL_PP-07: EE_PL_PP-07-Schuko Socket 2x,A,P05,H05,,EE_PL_PP-07: EE_PL_PP-07-Schuko Socket 2x,EE_PL_PP-07: EE_PL_PP-07-Schuko Socket 2x,CVP,EE-PL09,143,,,-1,A,P05,H05,New Construction,,,"['EE_PL_PP-07', 'EE_PL_PP-07-Schuko Socket 2x', '5399265']",Clearance Zone EE,<Unnamed>,81606.83326,16961.61968,25890,,,,,,,,,,,,,,Ss_70,,,,,,1030,,,,,,,,,,,FALSE,Level : L05,,,,,,,,,,,,,,,,,,,,,,,2563,,,L05,IME,,0,0,0,0,100,0,,,,,,,,,,,,,,,,,,,,,,,,,,,,,,,,,,,,,,,,,,,,,,,,,,,,,,,,,,,,,,,,,,,,,,,,,,,,,,,,,,,,,,,,,,,,,,,,,,,,,,,,,,,,,,,,,,,,,,,,,,,,,,,,,,,,,,,,,,,,,,,,,,,,,,,,,,,,,,,,,,,,,,,,,,,,,,,,,,,,,,,,,,,,,,,,,,,,,,,,,,,,,,,,,,,,,,,,,,,,,,,,,,,,,,,,,,,,,,,,,,,,,,,,,,,,,,,,,,,,,,,,,,,,,,,,,,,,,,,,,,,,,,,,,,,,,,,,,,,,,,,,,,,,,,,,,,,,,,,,,,,,,,,,,,,,,,,,,,,,,,,,,,,,,,,,,,,,,,,,,,,,,,,,,,,,,,,,,,,,,,,,,,,,,,,,,,,,,,,,,,,,,,,,,,,,,,,,,,
01anLNw8DEwhaVZYEVeErE,IfcBuildingElementProxy,EE_PL_PP-07-Schuko Socket 2x,,17440743,0,Level: L04,,,,,143,,,,2.289837469,0.476354697,,,,,,,,,PP_0,,EE-PL09,,,EE_PL_PP-07-Schuko Socket 2x,01_ARC_FF&E Layout,,,,,,Electrical Equipment,EE_PL_PP-07,-1,IME,EE_PL_PP-07: EE_PL_PP-07-Schuko Socket 2x,EE_PL_PP-07: EE_PL_PP-07-Schuko Socket 2x,A,P04,H05,,EE_PL_PP-07: EE_PL_PP-07-Schuko Socket 2x,EE_PL_PP-07: EE_PL_PP-07-Schuko Socket 2x,CVP,EE-PL09,143,,,-1,A,P04,H05,New Construction,,,"['EE_PL_PP-07', 'EE_PL_PP-07-Schuko Socket 2x', '5399219']",Clearance Zone EE,<Unnamed>,73277.30028,17105.1364,22530,,,,,,,,,,,,,,Ss_70,,,,,,1030,,,,,,,,,,,FALSE,Level : L04,,,,,,,,,,,,,,,,,,,,,,,2553,,,L04,IME,,0,0,0,0,100,0,,,,,,,,,,,,,,,,,,,,,,,,,,,,,,,,,,,,,,,,,,,,,,,,,,,,,,,,,,,,,,,,,,,,,,,,,,,,,,,,,,,,,,,,,,,,,,,,,,,,,,,,,,,,,,,,,,,,,,,,,,,,,,,,,,,,,,,,,,,,,,,,,,,,,,,,,,,,,,,,,,,,,,,,,,,,,,,,,,,,,,,,,,,,,,,,,,,,,,,,,,,,,,,,,,,,,,,,,,,,,,,,,,,,,,,,,,,,,,,,,,,,,,,,,,,,,,,,,,,,,,,,,,,,,,,,,,,,,,,,,,,,,,,,,,,,,,,,,,,,,,,,,,,,,,,,,,,,,,,,,,,,,,,,,,,,,,,,,,,,,,,,,,,,,,,,,,,,,,,,,,,,,,,,,,,,,,,,,,,,,,,,,,,,,,,,,,,,,,,,,,,,,,,,,,,,,,,,,,
01anLNw8DEwhaVZYEVeErL,IfcBuildingElementProxy,EE_PL_PP-07-Schuko Socket 2x,,17440647,0,Level: LAM,,,,,143,,,,2.289837469,0.476354697,,,,,,,,,PP_0,,EE-PL09,,,EE_PL_PP-07-Schuko Socket 2x,01_ARC_FF&E Layout,,,,,,Electrical Equipment,EE_PL_PP-07,-1,IME,EE_PL_PP-07: EE_PL_PP-07-Schuko Socket 2x,EE_PL_PP-07: EE_PL_PP-07-Schuko Socket 2x,A,PAM,H05,,EE_PL_PP-07: EE_PL_PP-07-Schuko Socket 2x,EE_PL_PP-07: EE_PL_PP-07-Schuko Socket 2x,CVP,EE-PL09,143,,,-1,A,PAM,H05,New Construction,,,"['EE_PL_PP-07', 'EE_PL_PP-07-Schuko Socket 2x', '5399208']",Clearance Zone EE,<Unnamed>,72953.49537,19867.2563,6530,,,,,,,,,,,,,,Ss_70,,,,,,1030,,,,,,,,,,,FALSE,Level : LAM,,,,,,,,,,,,,,,,,,,,,,,2546,,,LAM,IME,,0,0,0,0,100,0,,,,,,,,,,,,,,,,,,,,,,,,,,,,,,,,,,,,,,,,,,,,,,,,,,,,,,,,,,,,,,,,,,,,,,,,,,,,,,,,,,,,,,,,,,,,,,,,,,,,,,,,,,,,,,,,,,,,,,,,,,,,,,,,,,,,,,,,,,,,,,,,,,,,,,,,,,,,,,,,,,,,,,,,,,,,,,,,,,,,,,,,,,,,,,,,,,,,,,,,,,,,,,,,,,,,,,,,,,,,,,,,,,,,,,,,,,,,,,,,,,,,,,,,,,,,,,,,,,,,,,,,,,,,,,,,,,,,,,,,,,,,,,,,,,,,,,,,,,,,,,,,,,,,,,,,,,,,,,,,,,,,,,,,,,,,,,,,,,,,,,,,,,,,,,,,,,,,,,,,,,,,,,,,,,,,,,,,,,,,,,,,,,,,,,,,,,,,,,,,,,,,,,,,,,,,,,,,,,
01anLNw8DEwhaVZYEVeErl,IfcBuildingElementProxy,EE_PL_PP-07-Schuko Socket 2x,,17440455,0,Level: L03,,,,,143,,,,2.289837469,0.476354697,,,,,,,,,PP_0,,EE-PL09,,,EE_PL_PP-07-Schuko Socket 2x,01_ARC_FF&E Layout,,,,,,Electrical Equipment,EE_PL_PP-07,-1,IME,EE_PL_PP-07: EE_PL_PP-07-Schuko Socket 2x,EE_PL_PP-07: EE_PL_PP-07-Schuko Socket 2x,A,P03,H05,,EE_PL_PP-07: EE_PL_PP-07-Schuko Socket 2x,EE_PL_PP-07: EE_PL_PP-07-Schuko Socket 2x,CVP,EE-PL09,143,,,-1,A,P03,H05,New Construction,,,"['EE_PL_PP-07', 'EE_PL_PP-07-Schuko Socket 2x', '5399186']",Clearance Zone EE,<Unnamed>,79787.14411,174.409174,18520,,,,,,,,,,,,,,Ss_70,,,,,,1030,,,,,,,,,,,FALSE,Level : L03,,,,,,,,,,,,,,,,,,,,,,,2541,,,L03,IME,,0,0,0,0,100,0,,,,,,,,,,,,,,,,,,,,,,,,,,,,,,,,,,,,,,,,,,,,,,,,,,,,,,,,,,,,,,,,,,,,,,,,,,,,,,,,,,,,,,,,,,,,,,,,,,,,,,,,,,,,,,,,,,,,,,,,,,,,,,,,,,,,,,,,,,,,,,,,,,,,,,,,,,,,,,,,,,,,,,,,,,,,,,,,,,,,,,,,,,,,,,,,,,,,,,,,,,,,,,,,,,,,,,,,,,,,,,,,,,,,,,,,,,,,,,,,,,,,,,,,,,,,,,,,,,,,,,,,,,,,,,,,,,,,,,,,,,,,,,,,,,,,,,,,,,,,,,,,,,,,,,,,,,,,,,,,,,,,,,,,,,,,,,,,,,,,,,,,,,,,,,,,,,,,,,,,,,,,,,,,,,,,,,,,,,,,,,,,,,,,,,,,,,,,,,,,,,,,,,,,,,,,,,,,,,
01anLNw8DEwhaVZYEVeErW,IfcBuildingElementProxy,EE_PL_PP-07-Schuko Socket 2x,,17440551,0,Level: LAM,,,,,143,,,,2.289837469,0.476354697,,,,,,,,,PP_0,,EE-PL09,,,EE_PL_PP-07-Schuko Socket 2x,01_ARC_FF&E Layout,,,,,,Electrical Equipment,EE_PL_PP-07,-1,IME,EE_PL_PP-07: EE_PL_PP-07-Schuko Socket 2x,EE_PL_PP-07: EE_PL_PP-07-Schuko Socket 2x,A,PAM,H05,,EE_PL_PP-07: EE_PL_PP-07-Schuko Socket 2x,EE_PL_PP-07: EE_PL_PP-07-Schuko Socket 2x,CVP,EE-PL09,143,,,-1,A,PAM,H05,New Construction,,,"['EE_PL_PP-07', 'EE_PL_PP-07-Schuko Socket 2x', '5399197']",Clearance Zone EE,<Unnamed>,19420.48086,16314.69318,6530,,,,,,,,,,,,,,Ss_70,,,,,,1030,,,,,,,,,,,FALSE,Level : LAM,,,,,,,,,,,,,,,,,,,,,,,2544,,,LAM,IME,,0,0,0,0,100,0,,,,,,,,,,,,,,,,,,,,,,,,,,,,,,,,,,,,,,,,,,,,,,,,,,,,,,,,,,,,,,,,,,,,,,,,,,,,,,,,,,,,,,,,,,,,,,,,,,,,,,,,,,,,,,,,,,,,,,,,,,,,,,,,,,,,,,,,,,,,,,,,,,,,,,,,,,,,,,,,,,,,,,,,,,,,,,,,,,,,,,,,,,,,,,,,,,,,,,,,,,,,,,,,,,,,,,,,,,,,,,,,,,,,,,,,,,,,,,,,,,,,,,,,,,,,,,,,,,,,,,,,,,,,,,,,,,,,,,,,,,,,,,,,,,,,,,,,,,,,,,,,,,,,,,,,,,,,,,,,,,,,,,,,,,,,,,,,,,,,,,,,,,,,,,,,,,,,,,,,,,,,,,,,,,,,,,,,,,,,,,,,,,,,,,,,,,,,,,,,,,,,,,,,,,,,,,,,,,
01anLNw8DEwhaVZYEVeErw,IfcBuildingElementProxy,EE_PL_PP-07-Schuko Socket 2x,,17440359,0,Level: L03,,,,,143,,,,2.289837469,0.476354697,,,,,,,,,PP_0,,EE-PL09,,,EE_PL_PP-07-Schuko Socket 2x,01_ARC_FF&E Layout,,,,,,Electrical Equipment,EE_PL_PP-07,-1,IME,EE_PL_PP-07: EE_PL_PP-07-Schuko Socket 2x,EE_PL_PP-07: EE_PL_PP-07-Schuko Socket 2x,A,P03,H05,,EE_PL_PP-07: EE_PL_PP-07-Schuko Socket 2x,EE_PL_PP-07: EE_PL_PP-07-Schuko Socket 2x,CVP,EE-PL09,143,,,-1,A,P03,H05,New Construction,,,"['EE_PL_PP-07', 'EE_PL_PP-07-Schuko Socket 2x', '5399175']",Clearance Zone EE,<Unnamed>,96370.27777,8865.489293,18520,,,,,,,,,,,,,,Ss_70,,,,,,1030,,,,,,,,,,,FALSE,Level : L03,,,,,,,,,,,,,,,,,,,,,,,2538,,,L03,IME,,0,0,0,0,100,0,,,,,,,,,,,,,,,,,,,,,,,,,,,,,,,,,,,,,,,,,,,,,,,,,,,,,,,,,,,,,,,,,,,,,,,,,,,,,,,,,,,,,,,,,,,,,,,,,,,,,,,,,,,,,,,,,,,,,,,,,,,,,,,,,,,,,,,,,,,,,,,,,,,,,,,,,,,,,,,,,,,,,,,,,,,,,,,,,,,,,,,,,,,,,,,,,,,,,,,,,,,,,,,,,,,,,,,,,,,,,,,,,,,,,,,,,,,,,,,,,,,,,,,,,,,,,,,,,,,,,,,,,,,,,,,,,,,,,,,,,,,,,,,,,,,,,,,,,,,,,,,,,,,,,,,,,,,,,,,,,,,,,,,,,,,,,,,,,,,,,,,,,,,,,,,,,,,,,,,,,,,,,,,,,,,,,,,,,,,,,,,,,,,,,,,,,,,,,,,,,,,,,,,,,,,,,,,,,,
01anLNw8DEwhaVZYEVeEsf,IfcBuildingElementProxy,EE_PL_PP-07-Schuko Socket 2x,,17438722,0,Level: L03,,,,,143,,,,2.289837469,0.476354697,,,,,,,,,PP_0,,EE-PL09,,,EE_PL_PP-07-Schuko Socket 2x,01_ARC_FF&E Layout,,,,,,Electrical Equipment,EE_PL_PP-07,-1,IME,EE_PL_PP-07: EE_PL_PP-07-Schuko Socket 2x,EE_PL_PP-07: EE_PL_PP-07-Schuko Socket 2x,A,P03,H05,,EE_PL_PP-07: EE_PL_PP-07-Schuko Socket 2x,EE_PL_PP-07: EE_PL_PP-07-Schuko Socket 2x,CVP,EE-PL09,143,,,-1,A,P03,H05,New Construction,,,"['EE_PL_PP-07', 'EE_PL_PP-07-Schuko Socket 2x', '5399124']",Clearance Zone EE,<Unnamed>,13547.23981,-1802.884462,18520,,,,,,,,,,,,,,Ss_70,,,,,,1030,,,,,,,,,,,FALSE,Level : L03,,,,,,,,,,,,,,,,,,,,,,,2535,,,L03,IME,,0,0,0,0,100,0,,,,,,,,,,,,,,,,,,,,,,,,,,,,,,,,,,,,,,,,,,,,,,,,,,,,,,,,,,,,,,,,,,,,,,,,,,,,,,,,,,,,,,,,,,,,,,,,,,,,,,,,,,,,,,,,,,,,,,,,,,,,,,,,,,,,,,,,,,,,,,,,,,,,,,,,,,,,,,,,,,,,,,,,,,,,,,,,,,,,,,,,,,,,,,,,,,,,,,,,,,,,,,,,,,,,,,,,,,,,,,,,,,,,,,,,,,,,,,,,,,,,,,,,,,,,,,,,,,,,,,,,,,,,,,,,,,,,,,,,,,,,,,,,,,,,,,,,,,,,,,,,,,,,,,,,,,,,,,,,,,,,,,,,,,,,,,,,,,,,,,,,,,,,,,,,,,,,,,,,,,,,,,,,,,,,,,,,,,,,,,,,,,,,,,,,,,,,,,,,,,,,,,,,,,,,,,,,,,
01anLNw8DEwhaVZYEVeEsJ,IfcBuildingElementProxy,EE_PL_PP-07-Schuko Socket 2x,,17440263,0,Level: L03,,,,,143,,,,2.289837469,0.476354697,,,,,,,,,PP_0,,EE-PL09,,,EE_PL_PP-07-Schuko Socket 2x,01_ARC_FF&E Layout,,,,,,Electrical Equipment,EE_PL_PP-07,-1,IME,EE_PL_PP-07: EE_PL_PP-07-Schuko Socket 2x,EE_PL_PP-07: EE_PL_PP-07-Schuko Socket 2x,A,P03,H05,,EE_PL_PP-07: EE_PL_PP-07-Schuko Socket 2x,EE_PL_PP-07: EE_PL_PP-07-Schuko Socket 2x,CVP,EE-PL09,143,,,-1,A,P03,H05,New Construction,,,"['EE_PL_PP-07', 'EE_PL_PP-07-Schuko Socket 2x', '5399150']",Clearance Zone EE,<Unnamed>,83774.17659,22037.887,18520,,,,,,,,,,,,,,Ss_70,,,,,,1030,,,,,,,,,,,FALSE,Level : L03,,,,,,,,,,,,,,,,,,,,,,,2537,,,L03,IME,,0,0,0,0,100,0,,,,,,,,,,,,,,,,,,,,,,,,,,,,,,,,,,,,,,,,,,,,,,,,,,,,,,,,,,,,,,,,,,,,,,,,,,,,,,,,,,,,,,,,,,,,,,,,,,,,,,,,,,,,,,,,,,,,,,,,,,,,,,,,,,,,,,,,,,,,,,,,,,,,,,,,,,,,,,,,,,,,,,,,,,,,,,,,,,,,,,,,,,,,,,,,,,,,,,,,,,,,,,,,,,,,,,,,,,,,,,,,,,,,,,,,,,,,,,,,,,,,,,,,,,,,,,,,,,,,,,,,,,,,,,,,,,,,,,,,,,,,,,,,,,,,,,,,,,,,,,,,,,,,,,,,,,,,,,,,,,,,,,,,,,,,,,,,,,,,,,,,,,,,,,,,,,,,,,,,,,,,,,,,,,,,,,,,,,,,,,,,,,,,,,,,,,,,,,,,,,,,,,,,,,,,,,,,,,
01anLNw8DEwhaVZYEVeEsq,IfcBuildingElementProxy,EE_PL_PP-07-Schuko Socket 2x,,17438626,0,Level: L03,,,,,143,,,,2.289837469,0.476354697,,,,,,,,,PP_0,,EE-PL09,,,EE_PL_PP-07-Schuko Socket 2x,01_ARC_FF&E Layout,,,,,,Electrical Equipment,EE_PL_PP-07,-1,IME,EE_PL_PP-07: EE_PL_PP-07-Schuko Socket 2x,EE_PL_PP-07: EE_PL_PP-07-Schuko Socket 2x,A,P03,H05,,EE_PL_PP-07: EE_PL_PP-07-Schuko Socket 2x,EE_PL_PP-07: EE_PL_PP-07-Schuko Socket 2x,CVP,EE-PL09,143,,,-1,A,P03,H05,New Construction,,,"['EE_PL_PP-07', 'EE_PL_PP-07-Schuko Socket 2x', '5399113']",Clearance Zone EE,<Unnamed>,23867.24379,-1494.294296,18520,,,,,,,,,,,,,,Ss_70,,,,,,1030,,,,,,,,,,,FALSE,Level : L03,,,,,,,,,,,,,,,,,,,,,,,2530,,,L03,IME,,0,0,0,0,100,0,,,,,,,,,,,,,,,,,,,,,,,,,,,,,,,,,,,,,,,,,,,,,,,,,,,,,,,,,,,,,,,,,,,,,,,,,,,,,,,,,,,,,,,,,,,,,,,,,,,,,,,,,,,,,,,,,,,,,,,,,,,,,,,,,,,,,,,,,,,,,,,,,,,,,,,,,,,,,,,,,,,,,,,,,,,,,,,,,,,,,,,,,,,,,,,,,,,,,,,,,,,,,,,,,,,,,,,,,,,,,,,,,,,,,,,,,,,,,,,,,,,,,,,,,,,,,,,,,,,,,,,,,,,,,,,,,,,,,,,,,,,,,,,,,,,,,,,,,,,,,,,,,,,,,,,,,,,,,,,,,,,,,,,,,,,,,,,,,,,,,,,,,,,,,,,,,,,,,,,,,,,,,,,,,,,,,,,,,,,,,,,,,,,,,,,,,,,,,,,,,,,,,,,,,,,,,,,,,,
01anLNw8DEwhaVZYEVeEsV,IfcBuildingElementProxy,EE_PL_PP-07-Schuko Socket 2x,,17440161,0,Level: L03,,,,,143,,,,2.289837469,0.476354697,,,,,,,,,PP_0,,EE-PL09,,,EE_PL_PP-07-Schuko Socket 2x,01_ARC_FF&E Layout,,,,,,Electrical Equipment,EE_PL_PP-07,-1,IME,EE_PL_PP-07: EE_PL_PP-07-Schuko Socket 2x,EE_PL_PP-07: EE_PL_PP-07-Schuko Socket 2x,A,P03,H05,,EE_PL_PP-07: EE_PL_PP-07-Schuko Socket 2x,EE_PL_PP-07: EE_PL_PP-07-Schuko Socket 2x,CVP,EE-PL09,143,,,-1,A,P03,H05,New Construction,,,"['EE_PL_PP-07', 'EE_PL_PP-07-Schuko Socket 2x', '5399138']",Clearance Zone EE,<Unnamed>,51291.38696,20360.37438,18520,,,,,,,,,,,,,,Ss_70,,,,,,1030,,,,,,,,,,,FALSE,Level : L03,,,,,,,,,,,,,,,,,,,,,,,2536,,,L03,IME,,0,0,0,0,100,0,,,,,,,,,,,,,,,,,,,,,,,,,,,,,,,,,,,,,,,,,,,,,,,,,,,,,,,,,,,,,,,,,,,,,,,,,,,,,,,,,,,,,,,,,,,,,,,,,,,,,,,,,,,,,,,,,,,,,,,,,,,,,,,,,,,,,,,,,,,,,,,,,,,,,,,,,,,,,,,,,,,,,,,,,,,,,,,,,,,,,,,,,,,,,,,,,,,,,,,,,,,,,,,,,,,,,,,,,,,,,,,,,,,,,,,,,,,,,,,,,,,,,,,,,,,,,,,,,,,,,,,,,,,,,,,,,,,,,,,,,,,,,,,,,,,,,,,,,,,,,,,,,,,,,,,,,,,,,,,,,,,,,,,,,,,,,,,,,,,,,,,,,,,,,,,,,,,,,,,,,,,,,,,,,,,,,,,,,,,,,,,,,,,,,,,,,,,,,,,,,,,,,,,,,,,,,,,,,,
01anLNw8DEwhaVZYEVeEt3,IfcBuildingElementProxy,EE_PL_PP-07-Schuko Socket 2x,,17438530,0,Level: L03,,,,,143,,,,2.289837469,0.476354697,,,,,,,,,PP_0,,EE-PL09,,,EE_PL_PP-07-Schuko Socket 2x,01_ARC_FF&E Layout,,,,,,Electrical Equipment,EE_PL_PP-07,-1,IME,EE_PL_PP-07: EE_PL_PP-07-Schuko Socket 2x,EE_PL_PP-07: EE_PL_PP-07-Schuko Socket 2x,A,P03,H05,,EE_PL_PP-07: EE_PL_PP-07-Schuko Socket 2x,EE_PL_PP-07: EE_PL_PP-07-Schuko Socket 2x,CVP,EE-PL09,143,,,-1,A,P03,H05,New Construction,,,"['EE_PL_PP-07', 'EE_PL_PP-07-Schuko Socket 2x', '5399102']",Clearance Zone EE,<Unnamed>,56195.90143,-559.7355618,18520,,,,,,,,,,,,,,Ss_70,,,,,,1030,,,,,,,,,,,FALSE,Level : L03,,,,,,,,,,,,,,,,,,,,,,,2526,,,L03,IME,,0,0,0,0,100,0,,,,,,,,,,,,,,,,,,,,,,,,,,,,,,,,,,,,,,,,,,,,,,,,,,,,,,,,,,,,,,,,,,,,,,,,,,,,,,,,,,,,,,,,,,,,,,,,,,,,,,,,,,,,,,,,,,,,,,,,,,,,,,,,,,,,,,,,,,,,,,,,,,,,,,,,,,,,,,,,,,,,,,,,,,,,,,,,,,,,,,,,,,,,,,,,,,,,,,,,,,,,,,,,,,,,,,,,,,,,,,,,,,,,,,,,,,,,,,,,,,,,,,,,,,,,,,,,,,,,,,,,,,,,,,,,,,,,,,,,,,,,,,,,,,,,,,,,,,,,,,,,,,,,,,,,,,,,,,,,,,,,,,,,,,,,,,,,,,,,,,,,,,,,,,,,,,,,,,,,,,,,,,,,,,,,,,,,,,,,,,,,,,,,,,,,,,,,,,,,,,,,,,,,,,,,,,,,,,
01anLNw8DEwhaVZYEVeEtE,IfcBuildingElementProxy,EE_PL_PP-07-Schuko Socket 2x,,17438434,0,Level: L03,,,,,143,,,,2.289837469,0.476354697,,,,,,,,,PP_0,,EE-PL09,,,EE_PL_PP-07-Schuko Socket 2x,01_ARC_FF&E Layout,,,,,,Electrical Equipment,EE_PL_PP-07,-1,IME,EE_PL_PP-07: EE_PL_PP-07-Schuko Socket 2x,EE_PL_PP-07: EE_PL_PP-07-Schuko Socket 2x,A,P03,H05,,EE_PL_PP-07: EE_PL_PP-07-Schuko Socket 2x,EE_PL_PP-07: EE_PL_PP-07-Schuko Socket 2x,CVP,EE-PL09,143,,,-1,A,P03,H05,New Construction,,,"['EE_PL_PP-07', 'EE_PL_PP-07-Schuko Socket 2x', '5399091']",Clearance Zone EE,<Unnamed>,63827.82157,-519.6004369,18520,,,,,,,,,,,,,,Ss_70,,,,,,1030,,,,,,,,,,,FALSE,Level : L03,,,,,,,,,,,,,,,,,,,,,,,2522,,,L03,IME,,0,0,0,0,100,0,,,,,,,,,,,,,,,,,,,,,,,,,,,,,,,,,,,,,,,,,,,,,,,,,,,,,,,,,,,,,,,,,,,,,,,,,,,,,,,,,,,,,,,,,,,,,,,,,,,,,,,,,,,,,,,,,,,,,,,,,,,,,,,,,,,,,,,,,,,,,,,,,,,,,,,,,,,,,,,,,,,,,,,,,,,,,,,,,,,,,,,,,,,,,,,,,,,,,,,,,,,,,,,,,,,,,,,,,,,,,,,,,,,,,,,,,,,,,,,,,,,,,,,,,,,,,,,,,,,,,,,,,,,,,,,,,,,,,,,,,,,,,,,,,,,,,,,,,,,,,,,,,,,,,,,,,,,,,,,,,,,,,,,,,,,,,,,,,,,,,,,,,,,,,,,,,,,,,,,,,,,,,,,,,,,,,,,,,,,,,,,,,,,,,,,,,,,,,,,,,,,,,,,,,,,,,,,,,,
01anLNw8DEwhaVZYEVeEtL,IfcBuildingElementProxy,EE_PL_PP-07-Schuko Socket 2x,,17438338,0,Level: L02,,,,,143,,,,2.289837469,0.476354697,,,,,,,,,PP_0,,EE-PL09,,,EE_PL_PP-07-Schuko Socket 2x,01_ARC_FF&E Layout,,,,,,Electrical Equipment,EE_PL_PP-07,-1,IME,EE_PL_PP-07: EE_PL_PP-07-Schuko Socket 2x,EE_PL_PP-07: EE_PL_PP-07-Schuko Socket 2x,A,P02,H05,,EE_PL_PP-07: EE_PL_PP-07-Schuko Socket 2x,EE_PL_PP-07: EE_PL_PP-07-Schuko Socket 2x,CVP,EE-PL09,143,,,-1,A,P02,H05,New Construction,,,"['EE_PL_PP-07', 'EE_PL_PP-07-Schuko Socket 2x', '5399080']",Clearance Zone EE,<Unnamed>,64177.92673,-311.6731217,14510,,,,,,,,,,,,,,Ss_70,,,,,,1030,,,,,,,,,,,FALSE,Level : L02,,,,,,,,,,,,,,,,,,,,,,,2521,,,L02,IME,,0,0,0,0,100,0,,,,,,,,,,,,,,,,,,,,,,,,,,,,,,,,,,,,,,,,,,,,,,,,,,,,,,,,,,,,,,,,,,,,,,,,,,,,,,,,,,,,,,,,,,,,,,,,,,,,,,,,,,,,,,,,,,,,,,,,,,,,,,,,,,,,,,,,,,,,,,,,,,,,,,,,,,,,,,,,,,,,,,,,,,,,,,,,,,,,,,,,,,,,,,,,,,,,,,,,,,,,,,,,,,,,,,,,,,,,,,,,,,,,,,,,,,,,,,,,,,,,,,,,,,,,,,,,,,,,,,,,,,,,,,,,,,,,,,,,,,,,,,,,,,,,,,,,,,,,,,,,,,,,,,,,,,,,,,,,,,,,,,,,,,,,,,,,,,,,,,,,,,,,,,,,,,,,,,,,,,,,,,,,,,,,,,,,,,,,,,,,,,,,,,,,,,,,,,,,,,,,,,,,,,,,,,,,,,
